INSERT INTO pelanggan (nama, id_pelanggan, alamat) VALUES ("ELDON", 1, "NIHON");
INSERT INTO pelanggan (nama, id_pelanggan, alamat) VALUES ("YUSRIL", 2, "INDO");
INSERT INTO pelanggan (nama, id_pelanggan, alamat) VALUES ("HILMI", 3, "MALAY");

INSERT INTO orderan (id_pelanggan, id_orderan, tanggal, jumlah_cucian, total_harga, jenis_cucian) VALUES (1, 001, '2022-5-13', 5, 15000, "basah");
INSERT INTO orderan (id_pelanggan, id_orderan, tanggal, jumlah_cucian, total_harga, jenis_cucian) VALUES (2, 002, '2022-5-13', 10, 30000, "kering");
INSERT INTO orderan (id_pelanggan, id_orderan, tanggal, jumlah_cucian, total_harga, jenis_cucian) VALUES (3, 003, '2022-5-13', 15, 45000, "kering");
INSERT INTO orderan (id_pelanggan, id_orderan, tanggal, jumlah_cucian, total_harga, jenis_cucian) VALUES (3, 004, '2022-6-13', 15, 45000, "kering");

INSERT INTO status_orderan (id_orderan, status_cucian, status_pengambilan) VALUES (001, "sudah", "sudah");
INSERT INTO status_orderan (id_orderan, status_cucian, status_pengambilan) VALUES (002, "belum", "sudah");
INSERT INTO status_orderan (id_orderan, status_cucian, status_pengambilan) VALUES (003, "sudah", "belum");
INSERT INTO status_orderan (id_orderan, status_cucian, status_pengambilan) VALUES (004, "belum", "belum");

INSERT INTO pelanggan (nama, id_pelanggan, alamat) VALUES ("EL", 4, "SIdoarjo");
INSERT INTO pelanggan (nama, id_pelanggan, alamat) VALUES ("DON", 5, "SIdoarjo");
INSERT INTO pelanggan (nama, id_pelanggan, alamat) VALUES ("YU", 6, "SIdoarjo");
INSERT INTO pelanggan (nama, id_pelanggan, alamat) VALUES ("SRIL", 7, "Malang");
INSERT INTO pelanggan (nama, id_pelanggan, alamat) VALUES ("HIL", 8, "Batu");
INSERT INTO pelanggan (nama, id_pelanggan, alamat) VALUES ("MI", 9, "Kepanjen");

INSERT INTO orderan (id_pelanggan, id_orderan, tanggal, jumlah_cucian, total_harga, jenis_cucian) VALUES (4, 005, '2022-6-7', 5, 15000, "kering");
INSERT INTO orderan (id_pelanggan, id_orderan, tanggal, jumlah_cucian, total_harga, jenis_cucian) VALUES (5, 006, '2022-6-4', 5, 15000, "basah");
INSERT INTO orderan (id_pelanggan, id_orderan, tanggal, jumlah_cucian, total_harga, jenis_cucian) VALUES (6, 007, '2022-6-8', 5, 15000, "kering");
INSERT INTO orderan (id_pelanggan, id_orderan, tanggal, jumlah_cucian, total_harga, jenis_cucian) VALUES (7, 008, '2022-6-11', 5, 15000, "basah");
INSERT INTO orderan (id_pelanggan, id_orderan, tanggal, jumlah_cucian, total_harga, jenis_cucian) VALUES (8, 009, '2022-6-15', 5, 15000, "kering");
INSERT INTO orderan (id_pelanggan, id_orderan, tanggal, jumlah_cucian, total_harga, jenis_cucian) VALUES (9, 010, '2022-6-17', 5, 15000, "basah");
INSERT INTO orderan (id_pelanggan, id_orderan, tanggal, jumlah_cucian, total_harga, jenis_cucian) VALUES (2, 011, '2022-6-9', 5, 15000, "kering");
INSERT INTO orderan (id_pelanggan, id_orderan, tanggal, jumlah_cucian, total_harga, jenis_cucian) VALUES (3, 012, '2022-6-1', 5, 15000, "basah");
INSERT INTO orderan (id_pelanggan, id_orderan, tanggal, jumlah_cucian, total_harga, jenis_cucian) VALUES (1, 013, '2022-6-25', 5, 15000, "kering");
INSERT INTO orderan (id_pelanggan, id_orderan, tanggal, jumlah_cucian, total_harga, jenis_cucian) VALUES (7, 014, '2022-6-28', 5, 15000, "basah");
INSERT INTO orderan (id_pelanggan, id_orderan, tanggal, jumlah_cucian, total_harga, jenis_cucian) VALUES (8, 015, '2022-6-30', 5, 15000, "kering");


INSERT INTO status_orderan (id_orderan, status_cucian, status_pengambilan) VALUES (005, "sudah", "sudah");
INSERT INTO status_orderan (id_orderan, status_cucian, status_pengambilan) VALUES (006, "belum", "belum");
INSERT INTO status_orderan (id_orderan, status_cucian, status_pengambilan) VALUES (007, "sudah", "belum");
INSERT INTO status_orderan (id_orderan, status_cucian, status_pengambilan) VALUES (008, "belum", "sudah");
INSERT INTO status_orderan (id_orderan, status_cucian, status_pengambilan) VALUES (009, "sudah", "sudah");
INSERT INTO status_orderan (id_orderan, status_cucian, status_pengambilan) VALUES (010, "belum", "belum");
INSERT INTO status_orderan (id_orderan, status_cucian, status_pengambilan) VALUES (011, "sudah", "sudah");
INSERT INTO status_orderan (id_orderan, status_cucian, status_pengambilan) VALUES (012, "sudah", "belum");
INSERT INTO status_orderan (id_orderan, status_cucian, status_pengambilan) VALUES (013, "sudah", "sudah");
INSERT INTO status_orderan (id_orderan, status_cucian, status_pengambilan) VALUES (014, "belum", "belum");
INSERT INTO status_orderan (id_orderan, status_cucian, status_pengambilan) VALUES (015, "belum", "sudah");
